abhi,2025-07-03 02:20:23,unknown,unknown
vishal,2025-07-03 02:20:32,unknown,unknown
vishal,2025-07-03 02:21:19,unknown,unknown
vishal,2025-07-03 02:27:12,unknown,unknown
vishal,2025-07-03 02:27:42,unknown,unknown
vishal,2025-07-03 02:27:51,unknown,unknown
abhi,2025-07-03 02:28:27,unknown,unknown
abhii,2025-07-03 02:32:24,unknown,unknown
abhi,2025-07-03 02:33:23,unknown,unknown
vishal,2025-07-03 02:37:42,unknown,unknown
you,2025-07-03 02:38:39,unknown,unknown
avhu,2025-07-03 02:40:06,unknown,unknown
vishal,2025-07-03 02:40:15,unknown,unknown
avhu,2025-07-03 02:40:32,unknown,unknown
abhi,2025-07-03 02:46:26,unknown,unknown
vishal,2025-07-03 02:51:26,unknown,unknown
vishal,2025-07-03 02:55:37,unknown,unknown
vishal,2025-07-03 02:56:50,unknown,unknown
a,2025-07-03 02:57:40,unknown,unknown
vishal,2025-07-03 03:09:05,unknown,unknown
